<?xml version="1.0" encoding="UTF-8"?>
<configurationDescriptor version="100">
  <logicalFolder name="root" displayName="root" projectFiles="true" kind="ROOT">
    <logicalFolder name="HeaderFiles"
                   displayName="Header Files"
                   projectFiles="true">
      <itemPath>main.h</itemPath>
      <itemPath>checkArgs/verifyArgs.h</itemPath>
    </logicalFolder>
    <logicalFolder name="ResourceFiles"
                   displayName="Resource Files"
                   projectFiles="true">
    </logicalFolder>
    <logicalFolder name="SourceFiles"
                   displayName="Source Files"
                   projectFiles="true">
      <logicalFolder name="f1" displayName="checkArgs" projectFiles="true">
        <itemPath>checkArgs/verifyArgs.c</itemPath>
      </logicalFolder>
      <logicalFolder name="Communication"
                     displayName="Communication"
                     projectFiles="true">
        <itemPath>Communication/fonctionsComm.c</itemPath>
        <itemPath>Communication/fonctionsComm.h</itemPath>
        <itemPath>Communication/serveur.c</itemPath>
      </logicalFolder>
      <logicalFolder name="Major" displayName="Major" projectFiles="true">
        <logicalFolder name="bin" displayName="bin" projectFiles="true">
          <logicalFolder name="Debug" displayName="Debug" projectFiles="true">
            <itemPath>Major/bin/Debug/Major.exe</itemPath>
          </logicalFolder>
        </logicalFolder>
        <logicalFolder name="obj" displayName="obj" projectFiles="true">
          <logicalFolder name="Debug" displayName="Debug" projectFiles="true">
          </logicalFolder>
        </logicalFolder>
        <itemPath>Major/Major.cbp</itemPath>
        <itemPath>Major/Major.layout</itemPath>
        <itemPath>Major/fonctions.c</itemPath>
        <itemPath>Major/fonctions.h</itemPath>
        <itemPath>Major/main.exe</itemPath>
      </logicalFolder>
      <itemPath>main.c</itemPath>
    </logicalFolder>
    <logicalFolder name="TestFiles"
                   displayName="Test Files"
                   projectFiles="false"
                   kind="TEST_LOGICAL_FOLDER">
    </logicalFolder>
    <logicalFolder name="ExternalFiles"
                   displayName="Important Files"
                   projectFiles="false"
                   kind="IMPORTANT_FILES_FOLDER">
      <itemPath>Makefile</itemPath>
    </logicalFolder>
  </logicalFolder>
  <sourceRootList>
    <Elem>../Communication</Elem>
    <Elem>../Major</Elem>
    <Elem>Communication</Elem>
    <Elem>Major</Elem>
  </sourceRootList>
  <projectmakefile>Makefile</projectmakefile>
  <confs>
    <conf name="Debug" type="1">
      <toolsSet>
        <compilerSet>GNU|GNU</compilerSet>
        <dependencyChecking>true</dependencyChecking>
        <rebuildPropChanged>false</rebuildPropChanged>
      </toolsSet>
      <compileType>
        <cTool>
          <standard>3</standard>
        </cTool>
        <linkerTool>
          <linkerDynSerch>
            <pElem>.</pElem>
            <pElem>.</pElem>
            <pElem>.</pElem>
            <pElem>.</pElem>
            <pElem>.</pElem>
          </linkerDynSerch>
        </linkerTool>
      </compileType>
      <item path="Communication/fonctionsComm.c" ex="false" tool="0" flavor2="0">
      </item>
      <item path="Communication/fonctionsComm.h" ex="false" tool="3" flavor2="0">
      </item>
      <item path="Communication/serveur.c" ex="false" tool="0" flavor2="0">
      </item>
      <item path="Major/Major.cbp" ex="false" tool="3" flavor2="0">
      </item>
      <item path="Major/Major.layout" ex="false" tool="3" flavor2="0">
      </item>
      <item path="Major/bin/Debug/Major.exe" ex="false" tool="3" flavor2="0">
      </item>
      <item path="Major/fonctions.c" ex="false" tool="0" flavor2="0">
      </item>
      <item path="Major/fonctions.h" ex="false" tool="3" flavor2="0">
      </item>
      <item path="Major/main.exe" ex="false" tool="3" flavor2="0">
      </item>
      <item path="checkArgs/verifyArgs.c" ex="false" tool="0" flavor2="0">
      </item>
      <item path="checkArgs/verifyArgs.h" ex="false" tool="3" flavor2="0">
      </item>
      <folder path="TestFiles">
        <linkerTool>
          <linkerDynSerch>
            <pElem>.</pElem>
            <pElem>.</pElem>
            <pElem>.</pElem>
            <pElem>.</pElem>
            <pElem>.</pElem>
          </linkerDynSerch>
        </linkerTool>
      </folder>
      <item path="main.c" ex="false" tool="0" flavor2="0">
      </item>
      <item path="main.h" ex="false" tool="3" flavor2="0">
      </item>
    </conf>
    <conf name="Release" type="1">
      <toolsSet>
        <compilerSet>default</compilerSet>
        <dependencyChecking>true</dependencyChecking>
        <rebuildPropChanged>false</rebuildPropChanged>
      </toolsSet>
      <compileType>
        <cTool>
          <developmentMode>5</developmentMode>
          <standard>3</standard>
        </cTool>
        <ccTool>
          <developmentMode>5</developmentMode>
        </ccTool>
        <fortranCompilerTool>
          <developmentMode>5</developmentMode>
        </fortranCompilerTool>
        <asmTool>
          <developmentMode>5</developmentMode>
        </asmTool>
        <linkerTool>
          <linkerDynSerch>
            <pElem>.</pElem>
            <pElem>.</pElem>
            <pElem>.</pElem>
            <pElem>.</pElem>
            <pElem>.</pElem>
          </linkerDynSerch>
        </linkerTool>
      </compileType>
      <item path="Communication/fonctionsComm.c" ex="false" tool="0" flavor2="0">
      </item>
      <item path="Communication/fonctionsComm.h" ex="false" tool="3" flavor2="0">
      </item>
      <item path="Communication/serveur.c" ex="false" tool="0" flavor2="0">
      </item>
      <item path="Major/Major.cbp" ex="false" tool="3" flavor2="0">
      </item>
      <item path="Major/Major.layout" ex="false" tool="3" flavor2="0">
      </item>
      <item path="Major/bin/Debug/Major.exe" ex="false" tool="3" flavor2="0">
      </item>
      <item path="Major/fonctions.c" ex="false" tool="0" flavor2="0">
      </item>
      <item path="Major/fonctions.h" ex="false" tool="3" flavor2="0">
      </item>
      <item path="Major/main.exe" ex="false" tool="3" flavor2="0">
      </item>
      <item path="checkArgs/verifyArgs.c" ex="false" tool="0" flavor2="0">
      </item>
      <item path="checkArgs/verifyArgs.h" ex="false" tool="3" flavor2="0">
      </item>
      <folder path="TestFiles">
        <linkerTool>
          <linkerDynSerch>
            <pElem>.</pElem>
            <pElem>.</pElem>
            <pElem>.</pElem>
            <pElem>.</pElem>
            <pElem>.</pElem>
          </linkerDynSerch>
        </linkerTool>
      </folder>
      <item path="main.c" ex="false" tool="0" flavor2="0">
      </item>
      <item path="main.h" ex="false" tool="3" flavor2="0">
      </item>
    </conf>
  </confs>
</configurationDescriptor>
